Plot,Date,Observer,Microsite,P Seed,P Sap,J Seed,J Sap,C Seed,C Sap
NPElectricEel240,8/5/2015,EK,Interspace,0,0,0,0,,
NPElectricEel240,8/5/2015,EK,Shrub,0,0,0,0,,
NPElectricEel240,8/5/2015,EK,Rock,0,0,0,0,,
NPElectricEel240,8/5/2015,EK,Log,0,0,0,0,,
NPElectricEel240,8/5/2015,EK,P Live Inner,0,0,0,0,,
NPElectricEel240,8/5/2015,EK,P Live Outer,0,0,0,0,,
NPElectricEel240,8/5/2015,EK,P Snag Inner,0,0,0,0,,
NPElectricEel240,8/5/2015,EK,P Snag Outer,0,0,0,0,,
NPElectricEel240,8/5/2015,EK,J Live Inner,0,0,0,0,,
NPElectricEel240,8/5/2015,EK,J Live Outer,0,0,0,0,,
NPElectricEel240,8/5/2015,EK,J Snag Inner,0,0,0,0,,
NPElectricEel240,8/5/2015,EK,J Snag Outer,0,0,0,0,,
NPElectricEel,8/5/2015,JV,Interspace,0,0,0,0,,
NPElectricEel,8/5/2015,JV,Shrub,0,0,0,0,,
NPElectricEel,8/5/2015,JV,Rock,0,0,0,0,,
NPElectricEel,8/5/2015,JV,Log,0,0,0,0,,
NPElectricEel,8/5/2015,JV,P Live Inner,0,0,0,1,,
NPElectricEel,8/5/2015,JV,P Live Outer,0,1,0,0,,
NPElectricEel,8/5/2015,JV,P Snag Inner,0,0,0,0,,
NPElectricEel,8/5/2015,JV,P Snag Outer,0,0,0,0,,
NPElectricEel,8/5/2015,JV,J Live Inner,0,0,0,0,,
NPElectricEel,8/5/2015,JV,J Live Outer,0,0,0,0,,
NPElectricEel,8/5/2015,JV,J Snag Inner,0,0,0,0,,
NPElectricEel,8/5/2015,JV,J Snag Outer,0,0,0,0,,
NPElectricEel360,8/6/2015,JV,Interspace,0,0,0,0,,
NPElectricEel360,8/6/2015,JV,Shrub,0,0,0,0,,
NPElectricEel360,8/6/2015,JV,Rock,0,0,0,0,,
NPElectricEel360,8/6/2015,JV,Log,0,0,0,0,,
NPElectricEel360,8/6/2015,JV,P Live Inner,0,0,0,1,,
NPElectricEel360,8/6/2015,JV,P Live Outer,0,0,0,0,,
NPElectricEel360,8/6/2015,JV,P Snag Inner,0,0,0,0,,
NPElectricEel360,8/6/2015,JV,P Snag Outer,0,0,0,0,,
NPElectricEel360,8/6/2015,JV,J Live Inner,0,0,0,1,,
NPElectricEel360,8/6/2015,JV,J Live Outer,0,2,0,1,,
NPElectricEel360,8/6/2015,JV,J Snag Inner,0,0,0,0,,
NPElectricEel360,8/6/2015,JV,J Snag Outer,0,0,0,0,,
SHO424120,8/3/2015,EK,Interspace,0,0,0,0,,
SHO424120,8/3/2015,EK,Shrub,0,0,0,0,,
SHO424120,8/3/2015,EK,Rock,0,8,0,0,,
SHO424120,8/3/2015,EK,Log,0,0,0,0,,
SHO424120,8/3/2015,EK,P Live Inner,0,1,0,0,,
SHO424120,8/3/2015,EK,P Live Outer,0,1,0,0,,
SHO424120,8/3/2015,EK,P Snag Inner,0,0,0,0,,
SHO424120,8/3/2015,EK,P Snag Outer,0,0,0,0,,
SHO424120,8/3/2015,EK,J Live Inner,0,0,0,0,,
SHO424120,8/3/2015,EK,J Live Outer,1,1,0,0,,
SHO424120,8/3/2015,EK,J Snag Inner,0,0,0,0,,
SHO424120,8/3/2015,EK,J Snag Outer,0,0,0,0,,
SHO424360,8/4/2015,SF,Interspace,0,0,0,0,,
SHO424360,8/4/2015,SF,Shrub,0,0,0,0,,
SHO424360,8/4/2015,SF,Rock,0,0,0,0,,
SHO424360,8/4/2015,SF,Log,0,0,0,0,,
SHO424360,8/4/2015,SF,P Live Inner,0,0,0,0,,
SHO424360,8/4/2015,SF,P Live Outer,1,0,0,0,,
SHO424360,8/4/2015,SF,P Snag Inner,0,0,0,0,,
SHO424360,8/4/2015,SF,P Snag Outer,0,0,0,0,,
SHO424360,8/4/2015,SF,J Live Inner,0,1,0,0,,
SHO424360,8/4/2015,SF,J Live Outer,0,0,0,0,,
SHO424360,8/4/2015,SF,J Snag Inner,0,0,0,0,,
SHO424360,8/4/2015,SF,J Snag Outer,0,0,0,0,,
SS604,8/2/2015,SF,Interspace,0,0,0,0,,
SS604,8/2/2015,SF,Shrub,1,0,0,1,,
SS604,8/2/2015,SF,Rock,0,3,0,1,,
SS604,8/2/2015,SF,Log,0,0,0,0,,
SS604,8/2/2015,SF,P Live Inner,0,0,0,0,,
SS604,8/2/2015,SF,P Live Outer,1,0,0,0,,
SS604,8/2/2015,SF,P Snag Inner,0,0,0,0,,
SS604,8/2/2015,SF,P Snag Outer,0,0,0,0,,
SS604,8/2/2015,SF,J Live Inner,0,1,0,0,,
SS604,8/2/2015,SF,J Live Outer,0,0,0,0,,
SS604,8/2/2015,SF,J Snag Inner,0,0,0,0,,
SS604,8/2/2015,SF,J Snag Outer,0,0,0,0,,
SS604120,8/2/2015,EK,Interspace,0,0,0,0,,
SS604120,8/2/2015,EK,Shrub,0,2,0,1,,
SS604120,8/2/2015,EK,Rock,0,1,0,0,,
SS604120,8/2/2015,EK,Log,0,0,0,0,,
SS604120,8/2/2015,EK,P Live Inner,0,0,0,0,,
SS604120,8/2/2015,EK,P Live Outer,0,0,0,0,,
SS604120,8/2/2015,EK,P Snag Inner,0,0,0,0,,
SS604120,8/2/2015,EK,P Snag Outer,0,0,0,0,,
SS604120,8/2/2015,EK,J Live Inner,0,1,0,0,,
SS604120,8/2/2015,EK,J Live Outer,0,1,0,0,,
SS604120,8/2/2015,EK,J Snag Inner,0,0,0,0,,
SS604120,8/2/2015,EK,J Snag Outer,0,0,0,0,,
SS604240,8/2/2015,JV,Interspace,0,0,0,1,,
SS604240,8/2/2015,JV,Shrub,0,2,0,0,,
SS604240,8/2/2015,JV,Rock,1,4,0,0,,
SS604240,8/2/2015,JV,Log,0,0,0,0,,
SS604240,8/2/2015,JV,P Live Inner,0,0,0,0,,
SS604240,8/2/2015,JV,P Live Outer,0,0,0,0,,
SS604240,8/2/2015,JV,P Snag Inner,0,0,0,0,,
SS604240,8/2/2015,JV,P Snag Outer,0,0,0,0,,
SS604240,8/2/2015,JV,J Live Inner,0,0,0,0,,
SS604240,8/2/2015,JV,J Live Outer,0,0,0,0,,
SS604240,8/2/2015,JV,J Snag Inner,0,0,0,0,,
SS604240,8/2/2015,JV,J Snag Outer,0,0,0,0,,
SS604360,8/2/2015,EK,Interspace,0,0,0,0,,
SS604360,8/2/2015,EK,Shrub,0,3,0,0,,
SS604360,8/2/2015,EK,Rock,2,3,0,0,,
SS604360,8/2/2015,EK,Log,0,0,0,0,,
SS604360,8/2/2015,EK,P Live Inner,0,0,0,0,,
SS604360,8/2/2015,EK,P Live Outer,0,0,0,0,,
SS604360,8/2/2015,EK,P Snag Inner,0,0,0,0,,
SS604360,8/2/2015,EK,P Snag Outer,0,0,0,0,,
SS604360,8/2/2015,EK,J Live Inner,0,0,0,0,,
SS604360,8/2/2015,EK,J Live Outer,0,0,0,0,,
SS604360,8/2/2015,EK,J Snag Inner,0,0,0,0,,
SS604360,8/2/2015,EK,J Snag Outer,0,0,0,0,,
SS32,8/2/2015,EK,Interspace,0,2,0,1,,
SS32,8/2/2015,EK,Shrub,1,2,0,1,,
SS32,8/2/2015,EK,Rock,0,0,0,0,,
SS32,8/2/2015,EK,Log,0,0,0,0,,
SS32,8/2/2015,EK,P Live Inner,0,0,0,0,,
SS32,8/2/2015,EK,P Live Outer,1,1,0,0,,
SS32,8/2/2015,EK,P Snag Inner,0,0,0,0,,
SS32,8/2/2015,EK,P Snag Outer,0,0,0,0,,
SS32,8/2/2015,EK,J Live Inner,3,0,0,0,,
SS32,8/2/2015,EK,J Live Outer,0,1,0,0,,
SS32,8/2/2015,EK,J Snag Inner,0,0,0,0,,
SS32,8/2/2015,EK,J Snag Outer,0,0,0,0,,
SS32120,8/2/2015,JV,Interspace,0,1,1,1,,
SS32120,8/2/2015,JV,Shrub,1,4,0,0,,
SS32120,8/2/2015,JV,Rock,0,1,0,0,,
SS32120,8/2/2015,JV,Log,0,2,0,0,,
SS32120,8/2/2015,JV,P Live Inner,0,0,0,0,,
SS32120,8/2/2015,JV,P Live Outer,1,0,0,0,,
SS32120,8/2/2015,JV,P Snag Inner,0,0,0,0,,
SS32120,8/2/2015,JV,P Snag Outer,0,0,0,0,,
SS32120,8/2/2015,JV,J Live Inner,0,0,0,0,,
SS32120,8/2/2015,JV,J Live Outer,0,7,0,1,,
SS32120,8/2/2015,JV,J Snag Inner,0,0,0,0,,
SS32120,8/2/2015,JV,J Snag Outer,0,0,0,0,,
SS32360,8/2/2015,SF,Interspace,0,0,0,1,,
SS32360,8/2/2015,SF,Shrub,0,0,0,0,,
SS32360,8/2/2015,SF,Rock,1,1,0,2,,
SS32360,8/2/2015,SF,Log,0,0,0,0,,
SS32360,8/2/2015,SF,P Live Inner,0,0,0,0,,
SS32360,8/2/2015,SF,P Live Outer,0,0,0,0,,
SS32360,8/2/2015,SF,P Snag Inner,0,0,0,0,,
SS32360,8/2/2015,SF,P Snag Outer,0,0,0,0,,
SS32360,8/2/2015,SF,J Live Inner,1,2,0,1,,
SS32360,8/2/2015,SF,J Live Outer,1,0,0,0,,
SS32360,8/2/2015,SF,J Snag Inner,0,0,0,0,,
SS32360,8/2/2015,SF,J Snag Outer,1,0,0,0,,
SS32240,8/2/2015,JV,Interspace,0,0,0,0,,
SS32240,8/2/2015,JV,Shrub,0,1,0,0,,
SS32240,8/2/2015,JV,Rock,0,0,0,0,,
SS32240,8/2/2015,JV,Log,0,0,0,0,,
SS32240,8/2/2015,JV,P Live Inner,0,0,0,0,,
SS32240,8/2/2015,JV,P Live Outer,0,0,0,0,,
SS32240,8/2/2015,JV,P Snag Inner,0,0,0,0,,
SS32240,8/2/2015,JV,P Snag Outer,0,0,0,0,,
SS32240,8/2/2015,JV,J Live Inner,0,1,0,0,,
SS32240,8/2/2015,JV,J Live Outer,1,3,0,0,,
SS32240,8/2/2015,JV,J Snag Inner,0,0,0,0,,
SS32240,8/2/2015,JV,J Snag Outer,0,0,0,0,,
ROB926240,8/1/2015,EK,Interspace,0,0,0,0,,
ROB926240,8/1/2015,EK,Shrub,0,2,0,0,,
ROB926240,8/1/2015,EK,Rock,0,0,0,0,,
ROB926240,8/1/2015,EK,Log,0,0,0,0,,
ROB926240,8/1/2015,EK,P Live Inner,0,1,0,0,,
ROB926240,8/1/2015,EK,P Live Outer,0,0,0,0,,
ROB926240,8/1/2015,EK,P Snag Inner,0,0,0,0,,
ROB926240,8/1/2015,EK,P Snag Outer,0,0,0,0,,
ROB926240,8/1/2015,EK,J Live Inner,1,1,0,0,,
ROB926240,8/1/2015,EK,J Live Outer,0,1,0,0,,
ROB926240,8/1/2015,EK,J Snag Inner,0,0,0,0,,
ROB926240,8/1/2015,EK,J Snag Outer,0,0,0,0,,
ROB926360,8/1/2015,SF,Interspace,0,1,0,0,,
ROB926360,8/1/2015,SF,Shrub,0,2,0,0,,
ROB926360,8/1/2015,SF,Rock,0,0,0,0,,
ROB926360,8/1/2015,SF,Log,0,0,0,0,,
ROB926360,8/1/2015,SF,P Live Inner,1,0,0,0,,
ROB926360,8/1/2015,SF,P Live Outer,3,1,0,0,,
ROB926360,8/1/2015,SF,P Snag Inner,0,0,0,0,,
ROB926360,8/1/2015,SF,P Snag Outer,0,0,0,0,,
ROB926360,8/1/2015,SF,J Live Inner,3,1,0,0,,
ROB926360,8/1/2015,SF,J Live Outer,1,0,1,1,,
ROB926360,8/1/2015,SF,J Snag Inner,0,0,0,0,,
ROB926360,8/1/2015,SF,J Snag Outer,0,0,0,0,,
ROB926120,8/1/2015,SF,Interspace,1,0,0,0,,
ROB926120,8/1/2015,SF,Shrub,0,0,0,0,,
ROB926120,8/1/2015,SF,Rock,0,0,0,0,,
ROB926120,8/1/2015,SF,Log,0,0,0,0,,
ROB926120,8/1/2015,SF,P Live Inner,7,2,0,0,,
ROB926120,8/1/2015,SF,P Live Outer,2,3,0,0,,
ROB926120,8/1/2015,SF,P Snag Inner,0,0,0,0,,
ROB926120,8/1/2015,SF,P Snag Outer,0,0,0,0,,
ROB926120,8/1/2015,SF,J Live Inner,3,3,0,0,,
ROB926120,8/1/2015,SF,J Live Outer,1,0,0,0,,
ROB926120,8/1/2015,SF,J Snag Inner,0,0,0,0,,
ROB926120,8/1/2015,SF,J Snag Outer,0,0,0,0,,
ROB926,8/1/2015,EK,Interspace,2,4,0,0,,
ROB926,8/1/2015,EK,Shrub,0,1,0,0,,
ROB926,8/1/2015,EK,Rock,0,0,0,0,,
ROB926,8/1/2015,EK,Log,0,0,0,0,,
ROB926,8/1/2015,EK,P Live Inner,3,0,0,0,,
ROB926,8/1/2015,EK,P Live Outer,0,0,0,0,,
ROB926,8/1/2015,EK,P Snag Inner,0,0,0,0,,
ROB926,8/1/2015,EK,P Snag Outer,0,0,0,0,,
ROB926,8/1/2015,EK,J Live Inner,2,1,0,0,,
ROB926,8/1/2015,EK,J Live Outer,0,0,0,0,,
ROB926,8/1/2015,EK,J Snag Inner,0,0,0,0,,
ROB926,8/1/2015,EK,J Snag Outer,0,0,0,0,,
TOI1596,7/29/2015,JV,Interspace,0,0,0,0,,
TOI1596,7/29/2015,JV,Shrub,0,2,0,0,,
TOI1596,7/29/2015,JV,Rock,0,0,0,0,,
TOI1596,7/29/2015,JV,Log,0,0,0,0,,
TOI1596,7/29/2015,JV,P Live Inner,0,0,0,0,,
TOI1596,7/29/2015,JV,P Live Outer,0,0,0,0,,
TOI1596,7/29/2015,JV,P Snag Inner,0,0,0,0,,
TOI1596,7/29/2015,JV,P Snag Outer,0,0,0,0,,
TOI1596,7/29/2015,JV,J Live Inner,0,0,0,0,,
TOI1596,7/29/2015,JV,J Live Outer,0,0,0,0,,
TOI1596,7/29/2015,JV,J Snag Inner,0,0,0,0,,
TOI1596,7/29/2015,JV,J Snag Outer,0,0,0,0,,
TOI1596240,7/30/2015,JV,Interspace,0,1,0,0,,
TOI1596240,7/30/2015,JV,Shrub,0,1,0,0,,
TOI1596240,7/30/2015,JV,Rock,0,0,0,0,,
TOI1596240,7/30/2015,JV,Log,0,1,0,0,,
TOI1596240,7/30/2015,JV,P Live Inner,0,0,0,0,,
TOI1596240,7/30/2015,JV,P Live Outer,0,1,0,0,,
TOI1596240,7/30/2015,JV,P Snag Inner,0,0,0,0,,
TOI1596240,7/30/2015,JV,P Snag Outer,0,1,0,0,,
TOI1596240,7/30/2015,JV,J Live Inner,0,0,0,0,,
TOI1596240,7/30/2015,JV,J Live Outer,0,0,0,1,,
TOI1596240,7/30/2015,JV,J Snag Inner,0,0,0,0,,
TOI1596240,7/30/2015,JV,J Snag Outer,0,0,0,0,,
DIA248240,6/24/2015,JV,Interspace,0,0,0,0,,
DIA248240,6/24/2015,JV,Shrub,0,3,0,0,,
DIA248240,6/24/2015,JV,Rock,0,0,0,0,,
DIA248240,6/24/2015,JV,Log,0,0,0,0,,
DIA248240,6/24/2015,JV,P Live Inner,0,0,0,0,,
DIA248240,6/24/2015,JV,P Live Outer,0,0,0,0,,
DIA248240,6/24/2015,JV,P Snag Inner,0,0,0,0,,
DIA248240,6/24/2015,JV,P Snag Outer,0,0,0,0,,
DIA248240,6/24/2015,JV,J Live Inner,0,0,0,0,,
DIA248240,6/24/2015,JV,J Live Outer,0,0,0,0,,
DIA248240,6/24/2015,JV,J Snag Inner,0,0,0,0,,
DIA248240,6/24/2015,JV,J Snag Outer,0,0,0,0,,
SHO424240,6/18/2015,SF,Interspace,0,1,0,0,,
SHO424240,6/18/2015,SF,Shrub,0,0,0,0,,
SHO424240,6/18/2015,SF,Rock,0,1,0,0,,
SHO424240,6/18/2015,SF,Log,0,0,0,0,,
SHO424240,6/18/2015,SF,P Live Inner,0,0,0,0,,
SHO424240,6/18/2015,SF,P Live Outer,0,0,0,0,,
SHO424240,6/18/2015,SF,P Snag Inner,0,0,0,0,,
SHO424240,6/18/2015,SF,P Snag Outer,0,0,0,0,,
SHO424240,6/18/2015,SF,J Live Inner,1,2,0,0,,
SHO424240,6/18/2015,SF,J Live Outer,0,0,0,0,,
SHO424240,6/18/2015,SF,J Snag Inner,0,0,0,0,,
SHO424240,6/18/2015,SF,J Snag Outer,0,0,0,0,,
WHIS25120,7/20/2015,JV,Interspace,0,0,0,1,,
WHIS25120,7/20/2015,JV,Shrub,0,0,0,0,,
WHIS25120,7/20/2015,JV,Rock,0,0,0,0,,
WHIS25120,7/20/2015,JV,Log,0,0,0,0,,
WHIS25120,7/20/2015,JV,P Live Inner,0,0,0,0,,
WHIS25120,7/20/2015,JV,P Live Outer,0,1,0,0,,
WHIS25120,7/20/2015,JV,P Snag Inner,0,0,0,0,,
WHIS25120,7/20/2015,JV,P Snag Outer,0,0,0,0,,
WHIS25120,7/20/2015,JV,J Live Inner,0,1,0,0,,
WHIS25120,7/20/2015,JV,J Live Outer,0,0,0,0,,
WHIS25120,7/20/2015,JV,J Snag Inner,0,0,0,0,,
WHIS25120,7/20/2015,JV,J Snag Outer,0,0,0,0,,
WHIS25,7/19/2015,SF,Interspace,0,1,0,0,,
WHIS25,7/19/2015,SF,Shrub,1,0,0,0,,
WHIS25,7/19/2015,SF,Rock,0,0,0,0,,
WHIS25,7/19/2015,SF,Log,0,0,0,0,,
WHIS25,7/19/2015,SF,P Live Inner,1,0,0,0,,
WHIS25,7/19/2015,SF,P Live Outer,0,0,0,0,,
WHIS25,7/19/2015,SF,P Snag Inner,0,0,0,0,,
WHIS25,7/19/2015,SF,P Snag Outer,0,0,0,0,,
WHIS25,7/19/2015,SF,J Live Inner,3,1,1,0,,
WHIS25,7/19/2015,SF,J Live Outer,1,0,0,0,,
WHIS25,7/19/2015,SF,J Snag Inner,0,0,0,0,,
WHIS25,7/19/2015,SF,J Snag Outer,0,0,0,0,,
WHIS25240,7/19/2015,SF,Interspace,0,0,0,1,,
WHIS25240,7/19/2015,SF,Shrub,3,0,0,0,,
WHIS25240,7/19/2015,SF,Rock,0,0,0,0,,
WHIS25240,7/19/2015,SF,Log,0,0,0,0,,
WHIS25240,7/19/2015,SF,P Live Inner,0,0,0,1,,
WHIS25240,7/19/2015,SF,P Live Outer,0,0,0,1,,
WHIS25240,7/19/2015,SF,P Snag Inner,0,0,0,0,,
WHIS25240,7/19/2015,SF,P Snag Outer,0,0,0,0,,
WHIS25240,7/19/2015,SF,J Live Inner,0,0,0,0,,
WHIS25240,7/19/2015,SF,J Live Outer,0,0,0,0,,
WHIS25240,7/19/2015,SF,J Snag Inner,0,0,0,0,,
WHIS25240,7/19/2015,SF,J Snag Outer,0,0,0,0,,
WHIS25360,7/20/2015,JV,Interspace,0,0,0,0,,
WHIS25360,7/20/2015,JV,Shrub,0,0,0,0,,
WHIS25360,7/20/2015,JV,Rock,0,0,0,0,,
WHIS25360,7/20/2015,JV,Log,0,0,0,0,,
WHIS25360,7/20/2015,JV,P Live Inner,0,0,0,0,,
WHIS25360,7/20/2015,JV,P Live Outer,0,0,0,0,,
WHIS25360,7/20/2015,JV,P Snag Inner,0,0,0,0,,
WHIS25360,7/20/2015,JV,P Snag Outer,0,0,0,0,,
WHIS25360,7/20/2015,JV,J Live Inner,0,0,0,0,,
WHIS25360,7/20/2015,JV,J Live Outer,0,0,0,0,,
WHIS25360,7/20/2015,JV,J Snag Inner,0,0,0,0,,
WHIS25360,7/20/2015,JV,J Snag Outer,0,0,0,0,,
WHIS64360,7/18/2015,JV,Interspace,0,0,0,0,,
WHIS64360,7/18/2015,JV,Shrub,0,0,0,0,,
WHIS64360,7/18/2015,JV,Rock,0,0,0,0,,
WHIS64360,7/18/2015,JV,Log,0,0,0,0,,
WHIS64360,7/18/2015,JV,P Live Inner,0,0,0,0,,
WHIS64360,7/18/2015,JV,P Live Outer,0,0,0,0,,
WHIS64360,7/18/2015,JV,P Snag Inner,0,0,0,0,,
WHIS64360,7/18/2015,JV,P Snag Outer,0,0,0,0,,
WHIS64360,7/18/2015,JV,J Live Inner,0,0,0,0,,
WHIS64360,7/18/2015,JV,J Live Outer,0,0,0,0,,
WHIS64360,7/18/2015,JV,J Snag Inner,0,0,0,0,,
WHIS64360,7/18/2015,JV,J Snag Outer,0,0,0,0,,
WHIS64240,7/17/2015,EK,Interspace,0,0,0,0,,
WHIS64240,7/17/2015,EK,Shrub,0,0,0,0,,
WHIS64240,7/17/2015,EK,Rock,0,0,0,0,,
WHIS64240,7/17/2015,EK,Log,0,0,0,0,,
WHIS64240,7/17/2015,EK,P Live Inner,0,0,0,0,,
WHIS64240,7/17/2015,EK,P Live Outer,0,0,0,0,,
WHIS64240,7/17/2015,EK,P Snag Inner,0,0,0,0,,
WHIS64240,7/17/2015,EK,P Snag Outer,0,0,0,0,,
WHIS64240,7/17/2015,EK,J Live Inner,0,0,0,0,,
WHIS64240,7/17/2015,EK,J Live Outer,0,0,0,0,,
WHIS64240,7/17/2015,EK,J Snag Inner,0,0,0,0,,
WHIS64240,7/17/2015,EK,J Snag Outer,0,0,0,0,,
WHIS64120,7/17/2015,EK,Interspace,0,0,0,0,,
WHIS64120,7/17/2015,EK,Shrub,0,0,0,0,,
WHIS64120,7/17/2015,EK,Rock,0,0,0,0,,
WHIS64120,7/17/2015,EK,Log,0,0,0,0,,
WHIS64120,7/17/2015,EK,P Live Inner,0,0,0,0,,
WHIS64120,7/17/2015,EK,P Live Outer,0,0,0,0,,
WHIS64120,7/17/2015,EK,P Snag Inner,0,0,0,0,,
WHIS64120,7/17/2015,EK,P Snag Outer,0,0,0,0,,
WHIS64120,7/17/2015,EK,J Live Inner,0,0,0,0,,
WHIS64120,7/17/2015,EK,J Live Outer,0,0,0,0,,
WHIS64120,7/17/2015,EK,J Snag Inner,0,0,0,0,,
WHIS64120,7/17/2015,EK,J Snag Outer,0,0,0,0,,
WHIS64,7/17/2015,SF,Interspace,0,0,0,0,,
WHIS64,7/17/2015,SF,Shrub,0,0,0,0,,
WHIS64,7/17/2015,SF,Rock,0,0,0,0,,
WHIS64,7/17/2015,SF,Log,0,0,0,0,,
WHIS64,7/17/2015,SF,P Live Inner,0,0,0,0,,
WHIS64,7/17/2015,SF,P Live Outer,0,0,0,0,,
WHIS64,7/17/2015,SF,P Snag Inner,0,0,0,0,,
WHIS64,7/17/2015,SF,P Snag Outer,0,0,0,0,,
WHIS64,7/17/2015,SF,J Live Inner,0,0,0,0,,
WHIS64,7/17/2015,SF,J Live Outer,0,0,0,0,,
WHIS64,7/17/2015,SF,J Snag Inner,0,0,0,0,,
WHIS64,7/17/2015,SF,J Snag Outer,0,0,0,0,,
ROB938240,7/15/2015,SF,Interspace,0,0,0,3,,
ROB938240,7/15/2015,SF,Shrub,0,0,0,0,,
ROB938240,7/15/2015,SF,Rock,0,0,0,0,,
ROB938240,7/15/2015,SF,Log,0,0,0,0,,
ROB938240,7/15/2015,SF,P Live Inner,1,0,0,0,,
ROB938240,7/15/2015,SF,P Live Outer,0,0,0,1,,
ROB938240,7/15/2015,SF,P Snag Inner,0,0,0,0,,
ROB938240,7/15/2015,SF,P Snag Outer,0,0,0,0,,
ROB938240,7/15/2015,SF,J Live Inner,0,0,0,1,,
ROB938240,7/15/2015,SF,J Live Outer,0,0,0,0,,
ROB938240,7/15/2015,SF,J Snag Inner,0,0,0,0,,
ROB938240,7/15/2015,SF,J Snag Outer,0,0,0,0,,
ROB938360,7/16/2015,EK,Interspace,0,0,0,1,,
ROB938360,7/16/2015,EK,Shrub,0,0,0,0,,
ROB938360,7/16/2015,EK,Rock,0,0,0,0,,
ROB938360,7/16/2015,EK,Log,0,0,0,0,,
ROB938360,7/16/2015,EK,P Live Inner,0,0,0,0,,
ROB938360,7/16/2015,EK,P Live Outer,0,0,0,2,,
ROB938360,7/16/2015,EK,P Snag Inner,0,0,0,0,,
ROB938360,7/16/2015,EK,P Snag Outer,0,0,0,0,,
ROB938360,7/16/2015,EK,J Live Inner,2,0,0,0,,
ROB938360,7/16/2015,EK,J Live Outer,0,1,0,0,,
ROB938360,7/16/2015,EK,J Snag Inner,0,0,0,0,,
ROB938360,7/16/2015,EK,J Snag Outer,0,0,0,0,,
NP342,7/21/2015,JV,Interspace,0,1,0,0,,
NP342,7/21/2015,JV,Shrub,0,0,0,0,,
NP342,7/21/2015,JV,Rock,0,0,0,0,,
NP342,7/21/2015,JV,Log,0,0,0,0,,
NP342,7/21/2015,JV,P Live Inner,0,0,0,0,,
NP342,7/21/2015,JV,P Live Outer,0,0,0,0,,
NP342,7/21/2015,JV,P Snag Inner,0,0,0,0,,
NP342,7/21/2015,JV,P Snag Outer,0,0,0,0,,
NP342,7/21/2015,JV,J Live Inner,0,0,0,0,,
NP342,7/21/2015,JV,J Live Outer,0,0,0,0,,
NP342,7/21/2015,JV,J Snag Inner,0,0,0,0,,
NP342,7/21/2015,JV,J Snag Outer,0,0,0,0,,
NP342240,7/22/2015,EK,Interspace,1,3,0,0,,
NP342240,7/22/2015,EK,Shrub,1,8,0,0,,
NP342240,7/22/2015,EK,Rock,0,0,0,0,,
NP342240,7/22/2015,EK,Log,0,0,0,0,,
NP342240,7/22/2015,EK,P Live Inner,0,0,0,0,,
NP342240,7/22/2015,EK,P Live Outer,0,0,0,0,,
NP342240,7/22/2015,EK,P Snag Inner,0,0,0,0,,
NP342240,7/22/2015,EK,P Snag Outer,0,0,0,0,,
NP342240,7/22/2015,EK,J Live Inner,0,0,0,0,,
NP342240,7/22/2015,EK,J Live Outer,0,0,0,0,,
NP342240,7/22/2015,EK,J Snag Inner,0,0,0,0,,
NP342240,7/22/2015,EK,J Snag Outer,0,0,0,0,,
NP342120,7/21/2015,JV,Interspace,0,0,0,0,,
NP342120,7/21/2015,JV,Shrub,0,0,0,0,,
NP342120,7/21/2015,JV,Rock,0,0,0,0,,
NP342120,7/21/2015,JV,Log,0,0,0,0,,
NP342120,7/21/2015,JV,P Live Inner,0,0,0,0,,
NP342120,7/21/2015,JV,P Live Outer,0,3,1,0,,
NP342120,7/21/2015,JV,P Snag Inner,0,0,0,0,,
NP342120,7/21/2015,JV,P Snag Outer,0,0,0,0,,
NP342120,7/21/2015,JV,J Live Inner,0,0,0,0,,
NP342120,7/21/2015,JV,J Live Outer,0,0,0,0,,
NP342120,7/21/2015,JV,J Snag Inner,0,0,0,0,,
NP342120,7/21/2015,JV,J Snag Outer,0,0,0,0,,
NP342360,7/21/2015,JV,Interspace,0,1,0,0,,
NP342360,7/21/2015,JV,Shrub,0,1,0,0,,
NP342360,7/21/2015,JV,Rock,0,0,0,0,,
NP342360,7/21/2015,JV,Log,0,0,0,0,,
NP342360,7/21/2015,JV,P Live Inner,0,0,0,0,,
NP342360,7/21/2015,JV,P Live Outer,0,0,0,0,,
NP342360,7/21/2015,JV,P Snag Inner,0,0,0,0,,
NP342360,7/21/2015,JV,P Snag Outer,0,1,0,0,,
NP342360,7/21/2015,JV,J Live Inner,0,0,0,0,,
NP342360,7/21/2015,JV,J Live Outer,0,1,0,0,,
NP342360,7/21/2015,JV,J Snag Inner,0,0,0,0,,
NP342360,7/21/2015,JV,J Snag Outer,0,0,0,0,,
TOI533240,7/10/2015,SF,Interspace,0,0,0,0,,
TOI533240,7/10/2015,SF,Shrub,2,7,0,1,,
TOI533240,7/10/2015,SF,Rock,0,0,0,0,,
TOI533240,7/10/2015,SF,Log,0,0,0,0,,
TOI533240,7/10/2015,SF,P Live Inner,3,0,0,1,,
TOI533240,7/10/2015,SF,P Live Outer,0,0,0,0,,
TOI533240,7/10/2015,SF,P Snag Inner,0,0,0,0,,
TOI533240,7/10/2015,SF,P Snag Outer,0,0,0,0,,
TOI533240,7/10/2015,SF,J Live Inner,5,7,0,0,,
TOI533240,7/10/2015,SF,J Live Outer,0,3,0,0,,
TOI533240,7/10/2015,SF,J Snag Inner,0,0,0,0,,
TOI533240,7/10/2015,SF,J Snag Outer,0,0,0,0,,
RAV358360,7/8/2015,SF,Interspace,0,0,0,1,,
RAV358360,7/8/2015,SF,Shrub,0,1,0,0,,
RAV358360,7/8/2015,SF,Rock,0,0,0,0,,
RAV358360,7/8/2015,SF,Log,0,0,0,0,,
RAV358360,7/8/2015,SF,P Live Inner,2,0,0,0,,
RAV358360,7/8/2015,SF,P Live Outer,1,0,0,0,,
RAV358360,7/8/2015,SF,P Snag Inner,1,0,0,0,,
RAV358360,7/8/2015,SF,P Snag Outer,0,0,0,0,,
RAV358360,7/8/2015,SF,J Live Inner,0,0,0,0,,
RAV358360,7/8/2015,SF,J Live Outer,0,0,0,0,,
RAV358360,7/8/2015,SF,J Snag Inner,0,0,0,0,,
RAV358360,7/8/2015,SF,J Snag Outer,0,0,0,0,,
SS452360,9/12/2015,PW,Interspace,0,1,0,0,,
SS452360,9/12/2015,PW,Shrub,0,0,0,0,,
SS452360,9/12/2015,PW,Rock,1,0,0,0,,
SS452360,9/12/2015,PW,Log,0,0,0,0,,
SS452360,9/12/2015,PW,P Live Inner,1,0,0,0,,
SS452360,9/12/2015,PW,P Live Outer,1,0,0,0,,
SS452360,9/12/2015,PW,P Snag Inner,0,0,0,0,,
SS452360,9/12/2015,PW,P Snag Outer,0,0,0,0,,
SS452360,9/12/2015,PW,J Live Inner,0,0,0,0,,
SS452360,9/12/2015,PW,J Live Outer,0,1,0,1,,
SS452360,9/12/2015,PW,J Snag Inner,0,0,0,0,,
SS452360,9/12/2015,PW,J Snag Outer,0,0,0,0,,
RAV358120,7/8/2015,JV,Interspace,0,1,0,0,,
RAV358120,7/8/2015,JV,Shrub,0,0,0,0,,
RAV358120,7/8/2015,JV,Rock,0,0,0,0,,
RAV358120,7/8/2015,JV,Log,0,0,0,0,,
RAV358120,7/8/2015,JV,P Live Inner,0,0,0,0,,
RAV358120,7/8/2015,JV,P Live Outer,0,0,0,0,,
RAV358120,7/8/2015,JV,P Snag Inner,0,0,0,0,,
RAV358120,7/8/2015,JV,P Snag Outer,0,0,0,0,,
RAV358120,7/8/2015,JV,J Live Inner,0,0,0,0,,
RAV358120,7/8/2015,JV,J Live Outer,0,0,0,0,,
RAV358120,7/8/2015,JV,J Snag Inner,0,0,0,0,,
RAV358120,7/8/2015,JV,J Snag Outer,0,0,0,0,,
RAV358240,7/8/2015,JV,Interspace,0,0,0,0,,
RAV358240,7/8/2015,JV,Shrub,0,0,0,0,,
RAV358240,7/8/2015,JV,Rock,0,0,0,0,,
RAV358240,7/8/2015,JV,Log,0,0,0,0,,
RAV358240,7/8/2015,JV,P Live Inner,0,0,0,0,,
RAV358240,7/8/2015,JV,P Live Outer,0,0,0,0,,
RAV358240,7/8/2015,JV,P Snag Inner,0,0,0,0,,
RAV358240,7/8/2015,JV,P Snag Outer,0,0,0,0,,
RAV358240,7/8/2015,JV,J Live Inner,0,0,0,0,,
RAV358240,7/8/2015,JV,J Live Outer,0,0,0,0,,
RAV358240,7/8/2015,JV,J Snag Inner,0,0,0,0,,
RAV358240,7/8/2015,JV,J Snag Outer,0,0,0,0,,
TOI533360,7/9/2015,JV,Interspace,0,1,0,3,,
TOI533360,7/9/2015,JV,Shrub,1,1,0,0,,
TOI533360,7/9/2015,JV,Rock,0,0,0,0,,
TOI533360,7/9/2015,JV,Log,0,0,0,0,,
TOI533360,7/9/2015,JV,P Live Inner,1,0,0,1,,
TOI533360,7/9/2015,JV,P Live Outer,0,0,0,0,,
TOI533360,7/9/2015,JV,P Snag Inner,0,0,0,0,,
TOI533360,7/9/2015,JV,P Snag Outer,0,0,0,0,,
TOI533360,7/9/2015,JV,J Live Inner,0,3,0,0,,
TOI533360,7/9/2015,JV,J Live Outer,1,0,0,0,,
TOI533360,7/9/2015,JV,J Snag Inner,0,0,0,0,,
TOI533360,7/9/2015,JV,J Snag Outer,0,0,0,0,,
TOI533120,7/11/2015,SF,Interspace,0,0,1,0,,
TOI533120,7/11/2015,SF,Shrub,0,0,0,0,,
TOI533120,7/11/2015,SF,Rock,0,0,0,0,,
TOI533120,7/11/2015,SF,Log,0,0,0,0,,
TOI533120,7/11/2015,SF,P Live Inner,1,0,1,2,,
TOI533120,7/11/2015,SF,P Live Outer,2,0,0,1,,
TOI533120,7/11/2015,SF,P Snag Inner,0,0,0,0,,
TOI533120,7/11/2015,SF,P Snag Outer,0,0,0,0,,
TOI533120,7/11/2015,SF,J Live Inner,0,0,0,0,,
TOI533120,7/11/2015,SF,J Live Outer,2,0,0,1,,
TOI533120,7/11/2015,SF,J Snag Inner,0,0,0,0,,
TOI533120,7/11/2015,SF,J Snag Outer,0,0,0,0,,
TOI533,7/10/2015,JV,Interspace,1,0,0,3,,
TOI533,7/10/2015,JV,Shrub,0,1,0,0,,
TOI533,7/10/2015,JV,Rock,0,0,0,0,,
TOI533,7/10/2015,JV,Log,0,0,0,0,,
TOI533,7/10/2015,JV,P Live Inner,0,0,1,0,,
TOI533,7/10/2015,JV,P Live Outer,0,0,0,0,,
TOI533,7/10/2015,JV,P Snag Inner,0,0,0,0,,
TOI533,7/10/2015,JV,P Snag Outer,0,0,0,0,,
TOI533,7/10/2015,JV,J Live Inner,2,1,0,1,,
TOI533,7/10/2015,JV,J Live Outer,1,3,2,0,,
TOI533,7/10/2015,JV,J Snag Inner,0,0,0,0,,
TOI533,7/10/2015,JV,J Snag Outer,0,0,0,0,,
RAV358,7/8/2015,EK,Interspace,0,0,0,0,,
RAV358,7/8/2015,EK,Shrub,0,0,0,0,,
RAV358,7/8/2015,EK,Rock,0,0,0,0,,
RAV358,7/8/2015,EK,Log,0,1,0,0,,
RAV358,7/8/2015,EK,P Live Inner,0,0,0,0,,
RAV358,7/8/2015,EK,P Live Outer,0,0,0,0,,
RAV358,7/8/2015,EK,P Snag Inner,0,0,0,0,,
RAV358,7/8/2015,EK,P Snag Outer,0,0,0,0,,
RAV358,7/8/2015,EK,J Live Inner,0,0,0,0,,
RAV358,7/8/2015,EK,J Live Outer,0,0,0,0,,
RAV358,7/8/2015,EK,J Snag Inner,0,0,0,0,,
RAV358,7/8/2015,EK,J Snag Outer,0,0,0,0,,
SPR1620240,3/20/2015,SF,Interspace,0,2,0,0,,
SPR1620240,3/20/2015,SF,Shrub,0,0,0,0,,
SPR1620240,3/20/2015,SF,Rock,0,0,0,0,,
SPR1620240,3/20/2015,SF,Log,0,0,0,0,,
SPR1620240,3/20/2015,SF,P Live Inner,0,0,0,0,,
SPR1620240,3/20/2015,SF,P Live Outer,0,0,0,0,,
SPR1620240,3/20/2015,SF,P Snag Inner,0,0,0,0,,
SPR1620240,3/20/2015,SF,P Snag Outer,0,0,0,0,,
SPR1620240,3/20/2015,SF,J Live Inner,0,0,0,0,,
SPR1620240,3/20/2015,SF,J Live Outer,0,0,0,0,,
SPR1620240,3/20/2015,SF,J Snag Inner,0,0,0,0,,
SPR1620240,3/20/2015,SF,J Snag Outer,0,0,0,0,,
SPR1620360,3/20/2015,SF,Interspace,0,1,0,0,,
SPR1620360,3/20/2015,SF,Shrub,0,0,0,0,,
SPR1620360,3/20/2015,SF,Rock,0,0,0,0,,
SPR1620360,3/20/2015,SF,Log,0,0,0,0,,
SPR1620360,3/20/2015,SF,P Live Inner,0,0,0,0,,
SPR1620360,3/20/2015,SF,P Live Outer,0,2,0,0,,
SPR1620360,3/20/2015,SF,P Snag Inner,0,0,0,0,,
SPR1620360,3/20/2015,SF,P Snag Outer,0,0,0,0,,
SPR1620360,3/20/2015,SF,J Live Inner,0,0,0,0,,
SPR1620360,3/20/2015,SF,J Live Outer,0,0,0,0,,
SPR1620360,3/20/2015,SF,J Snag Inner,0,0,0,0,,
SPR1620360,3/20/2015,SF,J Snag Outer,0,0,0,0,,
SPR1620,3/19/2015,"SF,PW",Interspace,0,1,0,0,,
SPR1620,3/19/2015,"SF,PW",Shrub,1,0,0,0,,
SPR1620,3/19/2015,"SF,PW",Rock,0,0,0,0,,
SPR1620,3/19/2015,"SF,PW",Log,0,0,0,0,,
SPR1620,3/19/2015,"SF,PW",P Live Inner,0,0,0,0,,
SPR1620,3/19/2015,"SF,PW",P Live Outer,0,1,0,0,,
SPR1620,3/19/2015,"SF,PW",P Snag Inner,0,0,0,0,,
SPR1620,3/19/2015,"SF,PW",P Snag Outer,0,0,0,0,,
SPR1620,3/19/2015,"SF,PW",J Live Inner,0,0,0,0,,
SPR1620,3/19/2015,"SF,PW",J Live Outer,0,1,0,0,,
SPR1620,3/19/2015,"SF,PW",J Snag Inner,0,0,0,0,,
SPR1620,3/19/2015,"SF,PW",J Snag Outer,0,0,0,0,,
SPR1620120,3/20/2015,"SF,PW",Interspace,1,1,0,0,,
SPR1620120,3/20/2015,"SF,PW",Shrub,2,1,0,0,,
SPR1620120,3/20/2015,"SF,PW",Rock,0,0,0,0,,
SPR1620120,3/20/2015,"SF,PW",Log,3,4,0,0,,
SPR1620120,3/20/2015,"SF,PW",P Live Inner,0,0,0,0,,
SPR1620120,3/20/2015,"SF,PW",P Live Outer,0,0,0,0,,
SPR1620120,3/20/2015,"SF,PW",P Snag Inner,0,0,0,0,,
SPR1620120,3/20/2015,"SF,PW",P Snag Outer,4,0,0,0,,
SPR1620120,3/20/2015,"SF,PW",J Live Inner,0,0,0,0,,
SPR1620120,3/20/2015,"SF,PW",J Live Outer,4,2,0,0,,
SPR1620120,3/20/2015,"SF,PW",J Snag Inner,0,0,0,0,,
SPR1620120,3/20/2015,"SF,PW",J Snag Outer,0,0,0,0,,
DES1014360,5/26/2015,"EK,PW",Interspace,1,1,0,0,,
DES1014360,5/26/2015,"EK,PW",Shrub,0,0,0,0,,
DES1014360,5/26/2015,"EK,PW",Rock,0,0,0,0,,
DES1014360,5/26/2015,"EK,PW",Log,1,0,0,0,,
DES1014360,5/26/2015,"EK,PW",P Live Inner,3,0,0,0,,
DES1014360,5/26/2015,"EK,PW",P Live Outer,1,0,0,0,,
DES1014360,5/26/2015,"EK,PW",P Snag Inner,0,0,0,0,,
DES1014360,5/26/2015,"EK,PW",P Snag Outer,0,0,0,0,,
DES1014360,5/26/2015,"EK,PW",J Live Inner,0,0,0,0,,
DES1014360,5/26/2015,"EK,PW",J Live Outer,2,0,0,0,,
DES1014360,5/26/2015,"EK,PW",J Snag Inner,0,0,0,0,,
DES1014360,5/26/2015,"EK,PW",J Snag Outer,0,0,0,0,,
DES1014,5/25/2015,"JV,SF",Interspace,5,12,1,0,,
DES1014,5/25/2015,"JV,SF",Shrub,2,2,0,0,,
DES1014,5/25/2015,"JV,SF",Rock,0,0,0,0,,
DES1014,5/25/2015,"JV,SF",Log,2,35,0,0,,
DES1014,5/25/2015,"JV,SF",P Live Inner,0,0,0,0,,
DES1014,5/25/2015,"JV,SF",P Live Outer,0,1,0,0,,
DES1014,5/25/2015,"JV,SF",P Snag Inner,8,8,0,0,,
DES1014,5/25/2015,"JV,SF",P Snag Outer,0,5,0,0,,
DES1014,5/25/2015,"JV,SF",J Live Inner,0,2,1,0,,
DES1014,5/25/2015,"JV,SF",J Live Outer,0,0,0,0,,
DES1014,5/25/2015,"JV,SF",J Snag Inner,0,0,0,0,,
DES1014,5/25/2015,"JV,SF",J Snag Outer,0,0,0,0,,
DES1014240,5/26/2015,"EK,JV",Interspace,2,3,0,0,,
DES1014240,5/26/2015,"EK,JV",Shrub,0,0,0,0,,
DES1014240,5/26/2015,"EK,JV",Rock,0,0,0,0,,
DES1014240,5/26/2015,"EK,JV",Log,5,4,0,0,,
DES1014240,5/26/2015,"EK,JV",P Live Inner,3,0,0,0,,
DES1014240,5/26/2015,"EK,JV",P Live Outer,7,4,0,0,,
DES1014240,5/26/2015,"EK,JV",P Snag Inner,0,0,0,0,,
DES1014240,5/26/2015,"EK,JV",P Snag Outer,0,0,0,0,,
DES1014240,5/26/2015,"EK,JV",J Live Inner,4,0,0,0,,
DES1014240,5/26/2015,"EK,JV",J Live Outer,2,1,1,0,,
DES1014240,5/26/2015,"EK,JV",J Snag Inner,0,0,0,0,,
DES1014240,5/26/2015,"EK,JV",J Snag Outer,0,0,0,0,,
RAV339,5/21/2015,"SF,EK",Interspace,0,0,0,0,,
RAV339,5/21/2015,"SF,EK",Shrub,0,0,0,0,,
RAV339,5/21/2015,"SF,EK",Rock,0,0,0,0,,
RAV339,5/21/2015,"SF,EK",Log,0,0,0,0,,
RAV339,5/21/2015,"SF,EK",P Live Inner,0,0,0,0,,
RAV339,5/21/2015,"SF,EK",P Live Outer,0,0,0,0,,
RAV339,5/21/2015,"SF,EK",P Snag Inner,0,0,0,0,,
RAV339,5/21/2015,"SF,EK",P Snag Outer,0,0,0,0,,
RAV339,5/21/2015,"SF,EK",J Live Inner,3,2,0,0,,
RAV339,5/21/2015,"SF,EK",J Live Outer,0,0,0,0,,
RAV339,5/21/2015,"SF,EK",J Snag Inner,0,0,0,0,,
RAV339,5/21/2015,"SF,EK",J Snag Outer,0,0,0,0,,
RAV339360,5/22/2015,EK,Interspace,0,0,0,0,,
RAV339360,5/22/2015,EK,Shrub,0,0,0,0,,
RAV339360,5/22/2015,EK,Rock,0,0,0,0,,
RAV339360,5/22/2015,EK,Log,0,0,0,0,,
RAV339360,5/22/2015,EK,P Live Inner,0,0,0,0,,
RAV339360,5/22/2015,EK,P Live Outer,0,0,0,0,,
RAV339360,5/22/2015,EK,P Snag Inner,0,0,0,0,,
RAV339360,5/22/2015,EK,P Snag Outer,0,0,0,0,,
RAV339360,5/22/2015,EK,J Live Inner,0,0,0,0,,
RAV339360,5/22/2015,EK,J Live Outer,0,0,0,1,,
RAV339360,5/22/2015,EK,J Snag Inner,0,0,0,0,,
RAV339360,5/22/2015,EK,J Snag Outer,0,0,0,0,,
FC795120,6/7/2015,SF,Interspace,2,0,0,1,,
FC795120,6/7/2015,SF,Shrub,6,1,0,0,,
FC795120,6/7/2015,SF,Rock,0,0,0,0,,
FC795120,6/7/2015,SF,Log,0,0,0,0,,
FC795120,6/7/2015,SF,P Live Inner,0,0,0,0,,
FC795120,6/7/2015,SF,P Live Outer,0,0,0,0,,
FC795120,6/7/2015,SF,P Snag Inner,0,0,0,0,,
FC795120,6/7/2015,SF,P Snag Outer,0,0,0,0,,
FC795120,6/7/2015,SF,J Live Inner,0,0,0,0,,
FC795120,6/7/2015,SF,J Live Outer,0,1,1,0,,
FC795120,6/7/2015,SF,J Snag Inner,0,0,0,0,,
FC795120,6/7/2015,SF,J Snag Outer,0,0,0,0,,
FC795360,6/6/2015,SF,Interspace,3,0,0,0,,
FC795360,6/6/2015,SF,Shrub,3,2,0,0,,
FC795360,6/6/2015,SF,Rock,3,0,0,0,,
FC795360,6/6/2015,SF,Log,0,0,0,0,,
FC795360,6/6/2015,SF,P Live Inner,0,0,0,0,,
FC795360,6/6/2015,SF,P Live Outer,0,0,0,0,,
FC795360,6/6/2015,SF,P Snag Inner,0,0,0,0,,
FC795360,6/6/2015,SF,P Snag Outer,0,0,0,0,,
FC795360,6/6/2015,SF,J Live Inner,0,0,0,0,,
FC795360,6/6/2015,SF,J Live Outer,1,0,0,0,,
FC795360,6/6/2015,SF,J Snag Inner,1,0,0,0,,
FC795360,6/6/2015,SF,J Snag Outer,0,0,0,0,,
FC795,6/5/2015,EK,Interspace,2,2,0,0,,
FC795,6/5/2015,EK,Shrub,0,0,0,0,,
FC795,6/5/2015,EK,Rock,0,0,0,0,,
FC795,6/5/2015,EK,Log,0,0,0,0,,
FC795,6/5/2015,EK,P Live Inner,0,1,0,1,,
FC795,6/5/2015,EK,P Live Outer,0,0,0,0,,
FC795,6/5/2015,EK,P Snag Inner,0,0,0,0,,
FC795,6/5/2015,EK,P Snag Outer,0,0,0,0,,
FC795,6/5/2015,EK,J Live Inner,1,0,0,0,,
FC795,6/5/2015,EK,J Live Outer,3,1,0,1,,
FC795,6/5/2015,EK,J Snag Inner,0,0,0,0,,
FC795,6/5/2015,EK,J Snag Outer,0,0,0,0,,
FC791120,6/4/2015,EK,Interspace,1,12,0,4,,
FC791120,6/4/2015,EK,Shrub,0,0,0,0,,
FC791120,6/4/2015,EK,Rock,0,0,0,0,,
FC791120,6/4/2015,EK,Log,0,0,0,0,,
FC791120,6/4/2015,EK,P Live Inner,0,0,0,0,,
FC791120,6/4/2015,EK,P Live Outer,0,2,0,0,,
FC791120,6/4/2015,EK,P Snag Inner,0,0,0,0,,
FC791120,6/4/2015,EK,P Snag Outer,0,0,0,0,,
FC791120,6/4/2015,EK,J Live Inner,0,0,0,0,,
FC791120,6/4/2015,EK,J Live Outer,2,2,0,0,,
FC791120,6/4/2015,EK,J Snag Inner,0,0,0,0,,
FC791120,6/4/2015,EK,J Snag Outer,0,0,0,0,,
FC791240,6/3/2015,JV,Interspace,1,1,0,0,,
FC791240,6/3/2015,JV,Shrub,1,6,0,0,,
FC791240,6/3/2015,JV,Rock,0,0,0,0,,
FC791240,6/3/2015,JV,Log,0,0,0,0,,
FC791240,6/3/2015,JV,P Live Inner,0,0,0,0,,
FC791240,6/3/2015,JV,P Live Outer,0,0,0,0,,
FC791240,6/3/2015,JV,P Snag Inner,0,0,0,0,,
FC791240,6/3/2015,JV,P Snag Outer,0,0,0,0,,
FC791240,6/3/2015,JV,J Live Inner,1,0,0,0,,
FC791240,6/3/2015,JV,J Live Outer,0,0,0,0,,
FC791240,6/3/2015,JV,J Snag Inner,0,0,0,0,,
FC791240,6/3/2015,JV,J Snag Outer,0,0,0,0,,
FC791360,6/4/2015,SF,Interspace,0,0,0,0,,
FC791360,6/4/2015,SF,Shrub,1,1,0,0,,
FC791360,6/4/2015,SF,Rock,0,0,0,0,,
FC791360,6/4/2015,SF,Log,0,0,0,0,,
FC791360,6/4/2015,SF,P Live Inner,0,0,0,1,,
FC791360,6/4/2015,SF,P Live Outer,1,0,0,0,,
FC791360,6/4/2015,SF,P Snag Inner,0,0,0,0,,
FC791360,6/4/2015,SF,P Snag Outer,0,0,0,0,,
FC791360,6/4/2015,SF,J Live Inner,0,0,0,0,,
FC791360,6/4/2015,SF,J Live Outer,0,0,0,0,,
FC791360,6/4/2015,SF,J Snag Inner,0,0,0,0,,
FC791360,6/4/2015,SF,J Snag Outer,0,0,0,0,,
FC791,6/3/2015,SF,Interspace,2,1,0,0,,
FC791,6/3/2015,SF,Shrub,1,0,0,0,,
FC791,6/3/2015,SF,Rock,1,2,0,0,,
FC791,6/3/2015,SF,Log,0,0,0,0,,
FC791,6/3/2015,SF,P Live Inner,0,0,0,0,,
FC791,6/3/2015,SF,P Live Outer,0,0,0,0,,
FC791,6/3/2015,SF,P Snag Inner,0,0,0,0,,
FC791,6/3/2015,SF,P Snag Outer,0,0,0,0,,
FC791,6/3/2015,SF,J Live Inner,0,0,0,0,,
FC791,6/3/2015,SF,J Live Outer,0,0,0,0,,
FC791,6/3/2015,SF,J Snag Inner,0,0,0,0,,
FC791,6/3/2015,SF,J Snag Outer,0,0,0,0,,
DES998360,6/9/2015,SF,Interspace,0,1,0,0,,
DES998360,6/9/2015,SF,Shrub,1,0,0,0,,
DES998360,6/9/2015,SF,Rock,0,0,0,0,,
DES998360,6/9/2015,SF,Log,1,1,0,0,,
DES998360,6/9/2015,SF,P Live Inner,0,0,0,0,,
DES998360,6/9/2015,SF,P Live Outer,0,0,0,0,,
DES998360,6/9/2015,SF,P Snag Inner,1,1,0,0,,
DES998360,6/9/2015,SF,P Snag Outer,0,0,0,0,,
DES998360,6/9/2015,SF,J Live Inner,0,0,0,0,,
DES998360,6/9/2015,SF,J Live Outer,0,0,0,0,,
DES998360,6/9/2015,SF,J Snag Inner,0,0,0,0,,
DES998360,6/9/2015,SF,J Snag Outer,0,0,0,0,,
DES998240,6/9/2015,EK,Interspace,0,2,0,0,,
DES998240,6/9/2015,EK,Shrub,0,0,0,0,,
DES998240,6/9/2015,EK,Rock,0,0,0,0,,
DES998240,6/9/2015,EK,Log,0,0,0,0,,
DES998240,6/9/2015,EK,P Live Inner,0,0,0,0,,
DES998240,6/9/2015,EK,P Live Outer,0,0,0,0,,
DES998240,6/9/2015,EK,P Snag Inner,0,0,0,0,,
DES998240,6/9/2015,EK,P Snag Outer,0,0,0,0,,
DES998240,6/9/2015,EK,J Live Inner,0,0,0,0,,
DES998240,6/9/2015,EK,J Live Outer,0,0,0,0,,
DES998240,6/9/2015,EK,J Snag Inner,0,0,0,0,,
DES998240,6/9/2015,EK,J Snag Outer,0,0,0,0,,
DES998120,6/10/2015,JV,Interspace,0,0,0,0,,
DES998120,6/10/2015,JV,Shrub,0,1,0,0,,
DES998120,6/10/2015,JV,Rock,0,0,0,0,,
DES998120,6/10/2015,JV,Log,0,0,0,0,,
DES998120,6/10/2015,JV,P Live Inner,0,0,0,0,,
DES998120,6/10/2015,JV,P Live Outer,0,0,0,0,,
DES998120,6/10/2015,JV,P Snag Inner,0,0,0,0,,
DES998120,6/10/2015,JV,P Snag Outer,0,0,0,0,,
DES998120,6/10/2015,JV,J Live Inner,0,0,0,0,,
DES998120,6/10/2015,JV,J Live Outer,0,0,0,0,,
DES998120,6/10/2015,JV,J Snag Inner,0,0,0,0,,
DES998120,6/10/2015,JV,J Snag Outer,0,0,0,0,,
DES1014120,5/27/2015,PW,Interspace,0,0,0,0,,
DES1014120,5/27/2015,PW,Shrub,0,0,0,0,,
DES1014120,5/27/2015,PW,Rock,0,0,0,0,,
DES1014120,5/27/2015,PW,Log,0,0,0,0,,
DES1014120,5/27/2015,PW,P Live Inner,2,0,0,0,,
DES1014120,5/27/2015,PW,P Live Outer,3,4,1,0,,
DES1014120,5/27/2015,PW,P Snag Inner,0,0,0,0,,
DES1014120,5/27/2015,PW,P Snag Outer,0,0,0,0,,
DES1014120,5/27/2015,PW,J Live Inner,0,0,0,0,,
DES1014120,5/27/2015,PW,J Live Outer,0,0,7,1,,
DES1014120,5/27/2015,PW,J Snag Inner,0,0,0,0,,
DES1014120,5/27/2015,PW,J Snag Outer,0,0,0,0,,
FC795240,6/7/2015,EK,Interspace,0,2,0,0,,
FC795240,6/7/2015,EK,Shrub,0,0,0,0,,
FC795240,6/7/2015,EK,Rock,0,0,0,0,,
FC795240,6/7/2015,EK,Log,0,0,0,0,,
FC795240,6/7/2015,EK,P Live Inner,0,0,0,0,,
FC795240,6/7/2015,EK,P Live Outer,0,1,0,0,,
FC795240,6/7/2015,EK,P Snag Inner,0,0,0,0,,
FC795240,6/7/2015,EK,P Snag Outer,0,0,0,0,,
FC795240,6/7/2015,EK,J Live Inner,0,1,0,0,,
FC795240,6/7/2015,EK,J Live Outer,5,4,0,0,,
FC795240,6/7/2015,EK,J Snag Inner,0,0,0,0,,
FC795240,6/7/2015,EK,J Snag Outer,0,0,0,0,,
RAV339240,5/21/2015,EK,Interspace,1,0,0,0,,
RAV339240,5/21/2015,EK,Shrub,0,0,0,0,,
RAV339240,5/21/2015,EK,Rock,0,0,0,0,,
RAV339240,5/21/2015,EK,Log,0,0,0,0,,
RAV339240,5/21/2015,EK,P Live Inner,0,0,0,0,,
RAV339240,5/21/2015,EK,P Live Outer,0,0,0,0,,
RAV339240,5/21/2015,EK,P Snag Inner,0,0,0,1,,
RAV339240,5/21/2015,EK,P Snag Outer,0,0,0,0,,
RAV339240,5/21/2015,EK,J Live Inner,0,0,0,0,,
RAV339240,5/21/2015,EK,J Live Outer,0,1,0,1,,
RAV339240,5/21/2015,EK,J Snag Inner,0,0,0,0,,
RAV339240,5/21/2015,EK,J Snag Outer,0,0,0,0,,
DES998,5/28/2015,EK,Interspace,0,2,0,0,,
DES998,5/28/2015,EK,Shrub,0,0,0,0,,
DES998,5/28/2015,EK,Rock,0,0,0,0,,
DES998,5/28/2015,EK,Log,0,0,0,0,,
DES998,5/28/2015,EK,P Live Inner,0,1,0,0,,
DES998,5/28/2015,EK,P Live Outer,0,0,0,0,,
DES998,5/28/2015,EK,P Snag Inner,0,0,0,0,,
DES998,5/28/2015,EK,P Snag Outer,0,0,0,0,,
DES998,5/28/2015,EK,J Live Inner,0,0,0,0,,
DES998,5/28/2015,EK,J Live Outer,0,0,0,0,,
DES998,5/28/2015,EK,J Snag Inner,0,0,0,0,,
DES998,5/28/2015,EK,J Snag Outer,0,0,0,0,,
RAV339120,5/24/2015,EK,Interspace,0,0,0,0,,
RAV339120,5/24/2015,EK,Shrub,0,0,0,0,,
RAV339120,5/24/2015,EK,Rock,0,0,0,0,,
RAV339120,5/24/2015,EK,Log,1,0,0,0,,
RAV339120,5/24/2015,EK,P Live Inner,0,0,0,0,,
RAV339120,5/24/2015,EK,P Live Outer,0,0,0,0,,
RAV339120,5/24/2015,EK,P Snag Inner,0,0,0,1,,
RAV339120,5/24/2015,EK,P Snag Outer,0,1,1,1,,
RAV339120,5/24/2015,EK,J Live Inner,0,0,0,2,,
RAV339120,5/24/2015,EK,J Live Outer,0,1,0,1,,
RAV339120,5/24/2015,EK,J Snag Inner,0,0,0,0,,
RAV339120,5/24/2015,EK,J Snag Outer,0,0,0,0,,
SHO446240,6/15/2015,EK,Interspace,0,1,0,0,,
SHO446240,6/15/2015,EK,Shrub,0,0,0,0,,
SHO446240,6/15/2015,EK,Rock,0,1,0,0,,
SHO446240,6/15/2015,EK,Log,0,0,0,0,,
SHO446240,6/15/2015,EK,P Live Inner,0,0,0,0,,
SHO446240,6/15/2015,EK,P Live Outer,0,0,0,0,,
SHO446240,6/15/2015,EK,P Snag Inner,0,0,0,0,,
SHO446240,6/15/2015,EK,P Snag Outer,0,0,0,0,,
SHO446240,6/15/2015,EK,J Live Inner,0,0,0,0,,
SHO446240,6/15/2015,EK,J Live Outer,0,0,0,0,,
SHO446240,6/15/2015,EK,J Snag Inner,0,0,0,0,,
SHO446240,6/15/2015,EK,J Snag Outer,0,0,0,0,,
DIA248360,6/26/2015,EK,Interspace,1,0,0,0,,
DIA248360,6/26/2015,EK,Shrub,0,0,0,0,,
DIA248360,6/26/2015,EK,Rock,0,0,0,0,,
DIA248360,6/26/2015,EK,Log,0,0,0,0,,
DIA248360,6/26/2015,EK,P Live Inner,0,0,0,0,,
DIA248360,6/26/2015,EK,P Live Outer,0,1,0,0,,
DIA248360,6/26/2015,EK,P Snag Inner,0,0,0,0,,
DIA248360,6/26/2015,EK,P Snag Outer,0,0,0,0,,
DIA248360,6/26/2015,EK,J Live Inner,0,0,0,0,,
DIA248360,6/26/2015,EK,J Live Outer,0,0,0,0,,
DIA248360,6/26/2015,EK,J Snag Inner,0,0,0,0,,
DIA248360,6/26/2015,EK,J Snag Outer,0,0,0,0,,
SHO424,6/17/2015,EK,Interspace,0,0,0,0,,
SHO424,6/17/2015,EK,Shrub,0,0,0,0,,
SHO424,6/17/2015,EK,Rock,0,1,0,0,,
SHO424,6/17/2015,EK,Log,0,0,0,0,,
SHO424,6/17/2015,EK,P Live Inner,0,1,0,0,,
SHO424,6/17/2015,EK,P Live Outer,0,0,0,0,,
SHO424,6/17/2015,EK,P Snag Inner,0,0,0,0,,
SHO424,6/17/2015,EK,P Snag Outer,0,0,0,0,,
SHO424,6/17/2015,EK,J Live Inner,0,0,0,0,,
SHO424,6/17/2015,EK,J Live Outer,0,0,0,0,,
SHO424,6/17/2015,EK,J Snag Inner,0,0,0,0,,
SHO424,6/17/2015,EK,J Snag Outer,0,0,0,0,,
SHO446360,6/16/2015,SF,Interspace,0,4,0,0,,
SHO446360,6/16/2015,SF,Shrub,5,11,0,0,,
SHO446360,6/16/2015,SF,Rock,1,1,0,0,,
SHO446360,6/16/2015,SF,Log,0,1,0,0,,
SHO446360,6/16/2015,SF,P Live Inner,6,0,0,0,,
SHO446360,6/16/2015,SF,P Live Outer,1,2,0,0,,
SHO446360,6/16/2015,SF,P Snag Inner,0,0,0,0,,
SHO446360,6/16/2015,SF,P Snag Outer,1,0,0,0,,
SHO446360,6/16/2015,SF,J Live Inner,0,0,0,0,,
SHO446360,6/16/2015,SF,J Live Outer,0,0,0,0,,
SHO446360,6/16/2015,SF,J Snag Inner,0,0,0,0,,
SHO446360,6/16/2015,SF,J Snag Outer,0,0,0,0,,
SHO446120,6/16/2015,JV,Interspace,0,3,0,0,,
SHO446120,6/16/2015,JV,Shrub,0,4,0,0,,
SHO446120,6/16/2015,JV,Rock,0,1,0,0,,
SHO446120,6/16/2015,JV,Log,3,2,0,0,,
SHO446120,6/16/2015,JV,P Live Inner,0,0,0,0,,
SHO446120,6/16/2015,JV,P Live Outer,2,2,0,0,,
SHO446120,6/16/2015,JV,P Snag Inner,0,0,0,0,,
SHO446120,6/16/2015,JV,P Snag Outer,0,0,0,0,,
SHO446120,6/16/2015,JV,J Live Inner,0,0,0,0,,
SHO446120,6/16/2015,JV,J Live Outer,0,0,0,0,,
SHO446120,6/16/2015,JV,J Snag Inner,0,0,0,0,,
SHO446120,6/16/2015,JV,J Snag Outer,0,0,0,0,,
SHO446,6/15/2015,SF,Interspace,1,3,0,0,,
SHO446,6/15/2015,SF,Shrub,1,10,0,0,,
SHO446,6/15/2015,SF,Rock,0,0,0,0,,
SHO446,6/15/2015,SF,Log,0,1,0,0,,
SHO446,6/15/2015,SF,P Live Inner,0,1,0,0,,
SHO446,6/15/2015,SF,P Live Outer,0,2,0,0,,
SHO446,6/15/2015,SF,P Snag Inner,0,0,0,0,,
SHO446,6/15/2015,SF,P Snag Outer,0,0,0,0,,
SHO446,6/15/2015,SF,J Live Inner,0,0,0,0,,
SHO446,6/15/2015,SF,J Live Outer,0,0,0,0,,
SHO446,6/15/2015,SF,J Snag Inner,0,0,0,0,,
SHO446,6/15/2015,SF,J Snag Outer,0,0,0,0,,
SS256360,6/8/2015,SF,Interspace,0,5,0,2,,
SS256360,6/8/2015,SF,Shrub,1,3,0,0,,
SS256360,6/8/2015,SF,Rock,0,0,0,0,,
SS256360,6/8/2015,SF,Log,0,0,0,0,,
SS256360,6/8/2015,SF,P Live Inner,0,0,0,2,,
SS256360,6/8/2015,SF,P Live Outer,0,3,0,1,,
SS256360,6/8/2015,SF,P Snag Inner,0,0,0,0,,
SS256360,6/8/2015,SF,P Snag Outer,0,0,0,0,,
SS256360,6/8/2015,SF,J Live Inner,2,12,1,4,,
SS256360,6/8/2015,SF,J Live Outer,4,9,0,1,,
SS256360,6/8/2015,SF,J Snag Inner,0,0,0,0,,
SS256360,6/8/2015,SF,J Snag Outer,0,0,0,0,,
SS256120,6/8/2015,EK,Interspace,0,0,0,1,,
SS256120,6/8/2015,EK,Shrub,0,0,0,0,,
SS256120,6/8/2015,EK,Rock,0,0,0,0,,
SS256120,6/8/2015,EK,Log,0,0,0,0,,
SS256120,6/8/2015,EK,P Live Inner,1,1,0,0,,
SS256120,6/8/2015,EK,P Live Outer,0,1,0,0,,
SS256120,6/8/2015,EK,P Snag Inner,0,0,0,0,,
SS256120,6/8/2015,EK,P Snag Outer,0,0,0,0,,
SS256120,6/8/2015,EK,J Live Inner,2,0,1,0,,
SS256120,6/8/2015,EK,J Live Outer,1,2,0,1,,
SS256120,6/8/2015,EK,J Snag Inner,0,0,0,0,,
SS256120,6/8/2015,EK,J Snag Outer,0,0,0,0,,
SS256,6/8/2015,EK,Interspace,0,1,0,0,,
SS256,6/8/2015,EK,Shrub,0,0,0,0,,
SS256,6/8/2015,EK,Rock,0,0,0,0,,
SS256,6/8/2015,EK,Log,0,0,0,0,,
SS256,6/8/2015,EK,P Live Inner,0,0,0,0,,
SS256,6/8/2015,EK,P Live Outer,0,0,0,0,,
SS256,6/8/2015,EK,P Snag Inner,0,0,0,0,,
SS256,6/8/2015,EK,P Snag Outer,0,0,0,0,,
SS256,6/8/2015,EK,J Live Inner,0,15,0,0,,
SS256,6/8/2015,EK,J Live Outer,0,3,0,0,,
SS256,6/8/2015,EK,J Snag Inner,0,0,0,0,,
SS256,6/8/2015,EK,J Snag Outer,0,0,0,0,,
SS256360,6/8/2015,JV,Interspace,3,0,2,0,,
SS256360,6/8/2015,JV,Shrub,3,0,0,0,,
SS256360,6/8/2015,JV,Rock,0,0,0,0,,
SS256360,6/8/2015,JV,Log,0,0,0,0,,
SS256360,6/8/2015,JV,P Live Inner,0,0,0,0,,
SS256360,6/8/2015,JV,P Live Outer,0,2,2,0,,
SS256360,6/8/2015,JV,P Snag Inner,0,0,0,0,,
SS256360,6/8/2015,JV,P Snag Outer,0,0,0,0,,
SS256360,6/8/2015,JV,J Live Inner,6,2,0,0,,
SS256360,6/8/2015,JV,J Live Outer,8,0,2,0,,
SS256360,6/8/2015,JV,J Snag Inner,0,0,0,0,,
SS256360,6/8/2015,JV,J Snag Outer,0,0,0,0,,
DIA333360,6/27/2015,JV,Interspace,0,0,0,0,,
DIA333360,6/27/2015,JV,Shrub,0,5,0,0,,
DIA333360,6/27/2015,JV,Rock,0,0,0,0,,
DIA333360,6/27/2015,JV,Log,0,0,0,0,,
DIA333360,6/27/2015,JV,P Live Inner,0,0,0,0,,
DIA333360,6/27/2015,JV,P Live Outer,0,0,0,0,,
DIA333360,6/27/2015,JV,P Snag Inner,0,0,0,0,,
DIA333360,6/27/2015,JV,P Snag Outer,0,0,0,0,,
DIA333360,6/27/2015,JV,J Live Inner,0,0,0,0,,
DIA333360,6/27/2015,JV,J Live Outer,1,0,1,0,,
DIA333360,6/27/2015,JV,J Snag Inner,0,0,0,0,,
DIA333360,6/27/2015,JV,J Snag Outer,0,0,0,0,,
DIA333,6/27/2015,SF,Interspace,0,0,0,0,,
DIA333,6/27/2015,SF,Shrub,0,0,0,0,,
DIA333,6/27/2015,SF,Rock,0,0,0,0,,
DIA333,6/27/2015,SF,Log,0,0,0,0,,
DIA333,6/27/2015,SF,P Live Inner,0,0,0,0,,
DIA333,6/27/2015,SF,P Live Outer,0,0,0,0,,
DIA333,6/27/2015,SF,P Snag Inner,0,0,0,0,,
DIA333,6/27/2015,SF,P Snag Outer,0,0,0,0,,
DIA333,6/27/2015,SF,J Live Inner,0,0,0,0,,
DIA333,6/27/2015,SF,J Live Outer,2,1,0,1,,
DIA333,6/27/2015,SF,J Snag Inner,0,0,0,0,,
DIA333,6/27/2015,SF,J Snag Outer,0,0,0,0,,
DIA248,6/24/2015,EK,Interspace,0,0,0,0,,
DIA248,6/24/2015,EK,Shrub,0,1,0,0,,
DIA248,6/24/2015,EK,Rock,0,0,0,0,,
DIA248,6/24/2015,EK,Log,0,0,0,0,,
DIA248,6/24/2015,EK,P Live Inner,0,0,0,0,,
DIA248,6/24/2015,EK,P Live Outer,0,0,0,0,,
DIA248,6/24/2015,EK,P Snag Inner,0,0,0,0,,
DIA248,6/24/2015,EK,P Snag Outer,0,0,0,0,,
DIA248,6/24/2015,EK,J Live Inner,0,0,0,0,,
DIA248,6/24/2015,EK,J Live Outer,0,0,0,0,,
DIA248,6/24/2015,EK,J Snag Inner,0,0,0,0,,
DIA248,6/24/2015,EK,J Snag Outer,0,0,0,0,,
DIA248120,6/28/2015,SF,Interspace,0,0,0,0,,
DIA248120,6/28/2015,SF,Shrub,1,0,0,0,,
DIA248120,6/28/2015,SF,Rock,0,0,0,0,,
DIA248120,6/28/2015,SF,Log,0,0,0,0,,
DIA248120,6/28/2015,SF,P Live Inner,0,0,0,0,,
DIA248120,6/28/2015,SF,P Live Outer,0,0,0,0,,
DIA248120,6/28/2015,SF,P Snag Inner,0,0,0,0,,
DIA248120,6/28/2015,SF,P Snag Outer,0,0,0,0,,
DIA248120,6/28/2015,SF,J Live Inner,0,0,0,0,,
DIA248120,6/28/2015,SF,J Live Outer,0,0,0,0,,
DIA248120,6/28/2015,SF,J Snag Inner,0,0,0,0,,
DIA248120,6/28/2015,SF,J Snag Outer,0,0,0,0,,
DIA333240,6/28/2015,SF,Interspace,0,0,0,0,,
DIA333240,6/28/2015,SF,Shrub,1,0,0,0,,
DIA333240,6/28/2015,SF,Rock,0,0,0,0,,
DIA333240,6/28/2015,SF,Log,0,0,0,0,,
DIA333240,6/28/2015,SF,P Live Inner,0,0,0,0,,
DIA333240,6/28/2015,SF,P Live Outer,1,0,0,1,,
DIA333240,6/28/2015,SF,P Snag Inner,0,0,0,0,,
DIA333240,6/28/2015,SF,P Snag Outer,0,0,0,0,,
DIA333240,6/28/2015,SF,J Live Inner,0,0,0,0,,
DIA333240,6/28/2015,SF,J Live Outer,0,0,0,0,,
DIA333240,6/28/2015,SF,J Snag Inner,0,0,0,0,,
DIA333240,6/28/2015,SF,J Snag Outer,0,0,0,0,,
DIA333120,6/28/2015,SF,Interspace,0,2,0,0,,
DIA333120,6/28/2015,SF,Shrub,0,1,0,0,,
DIA333120,6/28/2015,SF,Rock,0,0,0,0,,
DIA333120,6/28/2015,SF,Log,0,0,0,0,,
DIA333120,6/28/2015,SF,P Live Inner,0,0,0,0,,
DIA333120,6/28/2015,SF,P Live Outer,0,0,0,0,,
DIA333120,6/28/2015,SF,P Snag Inner,0,0,0,0,,
DIA333120,6/28/2015,SF,P Snag Outer,0,0,0,0,,
DIA333120,6/28/2015,SF,J Live Inner,0,0,0,0,,
DIA333120,6/28/2015,SF,J Live Outer,0,0,0,0,,
DIA333120,6/28/2015,SF,J Snag Inner,0,0,0,0,,
DIA333120,6/28/2015,SF,J Snag Outer,0,0,0,0,,
ROB938,6/30/2015,SF,Interspace,0,0,0,1,,
ROB938,6/30/2015,SF,Shrub,0,0,0,0,,
ROB938,6/30/2015,SF,Rock,0,0,0,0,,
ROB938,6/30/2015,SF,Log,0,0,0,0,,
ROB938,6/30/2015,SF,P Live Inner,0,0,0,0,,
ROB938,6/30/2015,SF,P Live Outer,0,0,1,0,,
ROB938,6/30/2015,SF,P Snag Inner,1,0,0,0,,
ROB938,6/30/2015,SF,P Snag Outer,0,0,0,0,,
ROB938,6/30/2015,SF,J Live Inner,0,0,0,1,,
ROB938,6/30/2015,SF,J Live Outer,0,0,0,0,,
ROB938,6/30/2015,SF,J Snag Inner,0,0,0,0,,
ROB938,6/30/2015,SF,J Snag Outer,0,0,0,0,,
ROB938120,7/1/2015,JV,Interspace,0,0,0,0,,
ROB938120,7/1/2015,JV,Shrub,0,0,0,0,,
ROB938120,7/1/2015,JV,Rock,0,0,0,0,,
ROB938120,7/1/2015,JV,Log,0,0,0,0,,
ROB938120,7/1/2015,JV,P Live Inner,1,0,0,0,,
ROB938120,7/1/2015,JV,P Live Outer,1,3,0,0,,
ROB938120,7/1/2015,JV,P Snag Inner,0,0,0,0,,
ROB938120,7/1/2015,JV,P Snag Outer,0,0,0,0,,
ROB938120,7/1/2015,JV,J Live Inner,0,0,0,0,,
ROB938120,7/1/2015,JV,J Live Outer,0,0,0,0,,
ROB938120,7/1/2015,JV,J Snag Inner,0,0,0,0,,
ROB938120,7/1/2015,JV,J Snag Outer,0,0,0,0,,
TOI1596120,7/31/2015,EK,Interspace,0,2,0,0,,
TOI1596120,7/31/2015,EK,Shrub,0,0,0,0,,
TOI1596120,7/31/2015,EK,Rock,0,0,0,0,,
TOI1596120,7/31/2015,EK,Log,0,0,0,0,,
TOI1596120,7/31/2015,EK,P Live Inner,0,0,0,0,,
TOI1596120,7/31/2015,EK,P Live Outer,0,1,0,0,,
TOI1596120,7/31/2015,EK,P Snag Inner,0,0,0,0,,
TOI1596120,7/31/2015,EK,P Snag Outer,0,0,0,0,,
TOI1596120,7/31/2015,EK,J Live Inner,0,0,0,0,,
TOI1596120,7/31/2015,EK,J Live Outer,0,0,0,0,,
TOI1596120,7/31/2015,EK,J Snag Inner,0,0,0,0,,
TOI1596120,7/31/2015,EK,J Snag Outer,0,0,0,0,,
TOI1596360,7/29/2015,EK,Interspace,0,6,0,0,,
TOI1596360,7/29/2015,EK,Shrub,4,12,0,0,,
TOI1596360,7/29/2015,EK,Rock,0,0,0,0,,
TOI1596360,7/29/2015,EK,Log,0,0,0,0,,
TOI1596360,7/29/2015,EK,P Live Inner,1,0,0,0,,
TOI1596360,7/29/2015,EK,P Live Outer,0,0,0,0,,
TOI1596360,7/29/2015,EK,P Snag Inner,0,0,0,0,,
TOI1596360,7/29/2015,EK,P Snag Outer,0,0,0,0,,
TOI1596360,7/29/2015,EK,J Live Inner,0,0,0,0,,
TOI1596360,7/29/2015,EK,J Live Outer,0,0,0,0,,
TOI1596360,7/29/2015,EK,J Snag Inner,0,0,0,0,,
TOI1596360,7/29/2015,EK,J Snag Outer,0,0,0,0,,
DES105,8/13/2015,JV,Interspace,0,3,0,0,,
DES105,8/13/2015,JV,Shrub,0,4,0,0,,
DES105,8/13/2015,JV,Rock,0,2,0,0,,
DES105,8/13/2015,JV,Log,0,0,0,0,,
DES105,8/13/2015,JV,P Live Inner,0,0,0,0,,
DES105,8/13/2015,JV,P Live Outer,1,1,0,0,,
DES105,8/13/2015,JV,P Snag Inner,0,0,0,0,,
DES105,8/13/2015,JV,P Snag Outer,0,0,0,0,,
DES105,8/13/2015,JV,J Live Inner,0,0,0,0,,
DES105,8/13/2015,JV,J Live Outer,0,0,0,0,,
DES105,8/13/2015,JV,J Snag Inner,0,0,0,0,,
DES105,8/13/2015,JV,J Snag Outer,0,0,0,0,,
DES105360,8/12/2015,SF,Interspace,0,0,0,0,,
DES105360,8/12/2015,SF,Shrub,0,4,0,0,,
DES105360,8/12/2015,SF,Rock,1,0,0,0,,
DES105360,8/12/2015,SF,Log,0,0,0,0,,
DES105360,8/12/2015,SF,P Live Inner,0,1,0,0,,
DES105360,8/12/2015,SF,P Live Outer,2,8,0,0,,
DES105360,8/12/2015,SF,P Snag Inner,1,1,0,0,,
DES105360,8/12/2015,SF,P Snag Outer,0,5,0,0,,
DES105360,8/12/2015,SF,J Live Inner,0,0,0,0,,
DES105360,8/12/2015,SF,J Live Outer,0,0,0,0,,
DES105360,8/12/2015,SF,J Snag Inner,0,0,0,0,,
DES105360,8/12/2015,SF,J Snag Outer,0,0,0,0,,
DES105240,8/12/2015,JV,Interspace,0,0,0,0,,
DES105240,8/12/2015,JV,Shrub,0,3,0,0,,
DES105240,8/12/2015,JV,Rock,0,0,0,0,,
DES105240,8/12/2015,JV,Log,0,1,0,0,,
DES105240,8/12/2015,JV,P Live Inner,0,0,0,0,,
DES105240,8/12/2015,JV,P Live Outer,0,0,0,0,,
DES105240,8/12/2015,JV,P Snag Inner,0,0,0,0,,
DES105240,8/12/2015,JV,P Snag Outer,0,0,0,0,,
DES105240,8/12/2015,JV,J Live Inner,0,0,0,0,,
DES105240,8/12/2015,JV,J Live Outer,0,0,0,0,,
DES105240,8/12/2015,JV,J Snag Inner,0,0,0,0,,
DES105240,8/12/2015,JV,J Snag Outer,0,0,0,0,,
DES105120,8/12/2015,EK,Interspace,1,1,0,0,,
DES105120,8/12/2015,EK,Shrub,0,7,0,0,,
DES105120,8/12/2015,EK,Rock,0,2,0,0,,
DES105120,8/12/2015,EK,Log,0,0,0,0,,
DES105120,8/12/2015,EK,P Live Inner,0,0,0,0,,
DES105120,8/12/2015,EK,P Live Outer,0,0,0,0,,
DES105120,8/12/2015,EK,P Snag Inner,0,0,0,0,,
DES105120,8/12/2015,EK,P Snag Outer,0,0,0,0,,
DES105120,8/12/2015,EK,J Live Inner,0,0,0,0,,
DES105120,8/12/2015,EK,J Live Outer,0,0,0,0,,
DES105120,8/12/2015,EK,J Snag Inner,0,0,0,0,,
DES105120,8/12/2015,EK,J Snag Outer,0,0,0,0,,
SPR1575360,8/11/2015,JV,Interspace,1,2,0,0,,
SPR1575360,8/11/2015,JV,Shrub,0,0,0,0,,
SPR1575360,8/11/2015,JV,Rock,0,1,0,0,,
SPR1575360,8/11/2015,JV,Log,1,3,0,0,,
SPR1575360,8/11/2015,JV,P Live Inner,0,0,0,0,,
SPR1575360,8/11/2015,JV,P Live Outer,0,1,0,0,,
SPR1575360,8/11/2015,JV,P Snag Inner,0,0,0,0,,
SPR1575360,8/11/2015,JV,P Snag Outer,0,0,0,0,,
SPR1575360,8/11/2015,JV,J Live Inner,0,0,0,0,,
SPR1575360,8/11/2015,JV,J Live Outer,1,1,0,0,,
SPR1575360,8/11/2015,JV,J Snag Inner,0,0,0,0,,
SPR1575360,8/11/2015,JV,J Snag Outer,0,0,0,0,,
SPR1575120,8/10/2015,SF,Interspace,0,0,0,0,,
SPR1575120,8/10/2015,SF,Shrub,0,0,0,0,,
SPR1575120,8/10/2015,SF,Rock,0,1,0,0,,
SPR1575120,8/10/2015,SF,Log,0,0,0,0,,
SPR1575120,8/10/2015,SF,P Live Inner,2,0,0,0,,
SPR1575120,8/10/2015,SF,P Live Outer,1,1,0,1,,
SPR1575120,8/10/2015,SF,P Snag Inner,0,0,0,0,,
SPR1575120,8/10/2015,SF,P Snag Outer,0,1,0,0,,
SPR1575120,8/10/2015,SF,J Live Inner,4,2,0,0,,
SPR1575120,8/10/2015,SF,J Live Outer,1,1,0,0,,
SPR1575120,8/10/2015,SF,J Snag Inner,0,0,0,0,,
SPR1575120,8/10/2015,SF,J Snag Outer,0,0,0,0,,
NPElectricEel120,8/9/2013,EK,Interspace,0,0,0,1,,
NPElectricEel120,8/9/2013,EK,Shrub,0,2,0,0,,
NPElectricEel120,8/9/2013,EK,Rock,0,0,0,0,,
NPElectricEel120,8/9/2013,EK,Log,0,0,0,0,,
NPElectricEel120,8/9/2013,EK,P Live Inner,3,5,0,0,,
NPElectricEel120,8/9/2013,EK,P Live Outer,2,1,0,0,,
NPElectricEel120,8/9/2013,EK,P Snag Inner,0,0,0,0,,
NPElectricEel120,8/9/2013,EK,P Snag Outer,0,0,0,0,,
NPElectricEel120,8/9/2013,EK,J Live Inner,0,5,1,0,,
NPElectricEel120,8/9/2013,EK,J Live Outer,0,0,0,0,,
NPElectricEel120,8/9/2013,EK,J Snag Inner,0,0,0,0,,
NPElectricEel120,8/9/2013,EK,J Snag Outer,0,0,0,0,,
SPR1575,8/11/2015,EK,Interspace,0,0,0,0,,
SPR1575,8/11/2015,EK,Shrub,0,0,0,0,,
SPR1575,8/11/2015,EK,Rock,1,0,0,0,,
SPR1575,8/11/2015,EK,Log,0,1,0,0,,
SPR1575,8/11/2015,EK,P Live Inner,1,4,0,0,,
SPR1575,8/11/2015,EK,P Live Outer,0,0,0,0,,
SPR1575,8/11/2015,EK,P Snag Inner,0,0,0,0,,
SPR1575,8/11/2015,EK,P Snag Outer,0,0,0,0,,
SPR1575,8/11/2015,EK,J Live Inner,1,4,0,0,,
SPR1575,8/11/2015,EK,J Live Outer,0,5,0,0,,
SPR1575,8/11/2015,EK,J Snag Inner,0,0,0,0,,
SPR1575,8/11/2015,EK,J Snag Outer,0,0,0,0,,
SPR1575240,8/12/2015,JV,Interspace,0,0,0,0,,
SPR1575240,8/12/2015,JV,Shrub,0,1,0,0,,
SPR1575240,8/12/2015,JV,Rock,0,0,0,0,,
SPR1575240,8/12/2015,JV,Log,0,0,0,0,,
SPR1575240,8/12/2015,JV,P Live Inner,0,0,0,0,,
SPR1575240,8/12/2015,JV,P Live Outer,0,0,0,0,,
SPR1575240,8/12/2015,JV,P Snag Inner,0,0,0,0,,
SPR1575240,8/12/2015,JV,P Snag Outer,0,0,0,0,,
SPR1575240,8/12/2015,JV,J Live Inner,0,3,0,0,,
SPR1575240,8/12/2015,JV,J Live Outer,0,0,0,0,,
SPR1575240,8/12/2015,JV,J Snag Inner,0,0,0,0,,
SPR1575240,8/12/2015,JV,J Snag Outer,0,0,0,0,,
TOI1577360,10/3/2015,PW,Interspace,0,0,0,0,5,1
TOI1577360,10/3/2015,PW,Shrub,0,0,0,0,,
TOI1577360,10/3/2015,PW,Rock,0,0,0,0,,
TOI1577360,10/3/2015,PW,Log,5,2,0,0,,
TOI1577360,10/3/2015,PW,P Live Inner,0,0,0,0,,
TOI1577360,10/3/2015,PW,P Live Outer,2,0,0,0,,
TOI1577360,10/3/2015,PW,P Snag Inner,0,0,0,0,,
TOI1577360,10/3/2015,PW,P Snag Outer,2,0,0,0,,
TOI1577360,10/3/2015,PW,J Live Inner,7,1,0,0,,
TOI1577360,10/3/2015,PW,J Live Outer,4,2,0,0,,
TOI1577360,10/3/2015,PW,J Snag Inner,0,0,0,0,,
TOI1577360,10/3/2015,PW,J Snag Outer,0,0,0,0,,
TOI1577,10/2/2015,PW,Interspace,1,0,0,0,,
TOI1577,10/2/2015,PW,Shrub,2,1,0,0,,
TOI1577,10/2/2015,PW,Rock,1,0,0,0,,
TOI1577,10/2/2015,PW,Log,0,0,0,0,,
TOI1577,10/2/2015,PW,P Live Inner,0,0,0,0,,
TOI1577,10/2/2015,PW,P Live Outer,1,3,0,0,,
TOI1577,10/2/2015,PW,P Snag Inner,0,0,0,0,,
TOI1577,10/2/2015,PW,P Snag Outer,0,0,0,0,,
TOI1577,10/2/2015,PW,J Live Inner,1,0,0,0,,
TOI1577,10/2/2015,PW,J Live Outer,0,0,0,0,,
TOI1577,10/2/2015,PW,J Snag Inner,0,0,0,0,,
TOI1577,10/2/2015,PW,J Snag Outer,0,0,0,0,,
SS452120,9/11/2015,SF,Interspace,0,3,0,0,,
SS452120,9/11/2015,SF,Shrub,0,0,0,0,,
SS452120,9/11/2015,SF,Rock,0,0,0,0,,
SS452120,9/11/2015,SF,Log,0,0,0,0,,
SS452120,9/11/2015,SF,P Live Inner,0,0,0,0,,
SS452120,9/11/2015,SF,P Live Outer,0,2,0,0,,
SS452120,9/11/2015,SF,P Snag Inner,0,0,0,0,,
SS452120,9/11/2015,SF,P Snag Outer,0,0,0,0,,
SS452120,9/11/2015,SF,J Live Inner,1,0,0,0,,
SS452120,9/11/2015,SF,J Live Outer,0,0,0,0,,
SS452120,9/11/2015,SF,J Snag Inner,0,0,0,0,,
SS452120,9/11/2015,SF,J Snag Outer,0,0,0,0,,
SS452,9/11/2015,SF,Interspace,0,0,0,0,,
SS452,9/11/2015,SF,Shrub,0,1,0,0,,
SS452,9/11/2015,SF,Rock,0,0,0,0,,
SS452,9/11/2015,SF,Log,0,0,0,0,,
SS452,9/11/2015,SF,P Live Inner,0,0,0,0,,
SS452,9/11/2015,SF,P Live Outer,0,0,0,0,,
SS452,9/11/2015,SF,P Snag Inner,0,0,0,0,,
SS452,9/11/2015,SF,P Snag Outer,0,0,0,0,,
SS452,9/11/2015,SF,J Live Inner,0,0,0,0,,
SS452,9/11/2015,SF,J Live Outer,2,3,0,0,,
SS452,9/11/2015,SF,J Snag Inner,0,0,0,0,,
SS452,9/11/2015,SF,J Snag Outer,0,0,0,0,,
SS256240,6/8/2015,EK,Interspace,0,5,0,2,,
SS256240,6/8/2015,EK,Shrub,1,1,0,0,,
SS256240,6/8/2015,EK,Rock,0,0,0,0,,
SS256240,6/8/2015,EK,Log,0,0,0,0,,
SS256240,6/8/2015,EK,P Live Inner,0,0,0,2,,
SS256240,6/8/2015,EK,P Live Outer,0,3,0,1,,
SS256240,6/8/2015,EK,P Snag Inner,0,0,0,0,,
SS256240,6/8/2015,EK,P Snag Outer,0,0,0,0,,
SS256240,6/8/2015,EK,J Live Inner,2,12,1,4,,
SS256240,6/8/2015,EK,J Live Outer,4,9,0,1,,
SS256240,6/8/2015,EK,J Snag Inner,0,0,0,0,,
SS256240,6/8/2015,EK,J Snag Outer,0,0,0,0,,
SS452240,9/12/2015,PW,Interspace,0,3,0,0,,
SS452240,9/12/2015,PW,Shrub,0,1,0,0,,
SS452240,9/12/2015,PW,Rock,0,0,0,0,,
SS452240,9/12/2015,PW,Log,1,0,0,0,,
SS452240,9/12/2015,PW,P Live Inner,2,0,0,0,,
SS452240,9/12/2015,PW,P Live Outer,2,0,0,0,,
SS452240,9/12/2015,PW,P Snag Inner,0,0,0,0,,
SS452240,9/12/2015,PW,P Snag Outer,0,0,0,0,,
SS452240,9/12/2015,PW,J Live Inner,11,0,0,0,,
SS452240,9/12/2015,PW,J Live Outer,2,0,0,0,,
SS452240,9/12/2015,PW,J Snag Inner,0,0,0,0,,
SS452240,9/12/2015,PW,J Snag Outer,0,0,0,0,,
